pno,name,pdate,amount
1,홍길자,2023-09-05,255000
2,강감순,2023-11-09,320000
3,강감순,2024-01-18,18000
4,김구,2023-10-05,219000
5,유관순,2023-05-26,210000
6,유관순,2023-05-25,158000
7,강감순,2023-08-15,29000
8,이유신,2023-03-03,132000
9,강감순,2023-02-15,162000
10,홍길순,2023-11-02,192000
11,강감찬,2023-07-06,260000
12,홍길순,2023-10-16,202000
13,이유신,2023-05-02,60000
14,김구,2023-06-01,145000
15,강감찬,2023-06-28,184000
16,홍길순,2023-12-13,180000
17,홍길자,2023-12-18,162000
18,홍길순,2023-09-20,147000
19,홍길순,2023-01-28,107000
20,김유신,2023-09-11,338000
21,강감찬,2024-01-29,18000
22,김유신,2024-02-24,167000
23,이유신,2023-12-29,219000
24,홍길동,2023-02-01,303000
25,김구,2024-02-14,113000
26,이순신,2023-12-06,256000
27,김구,2023-06-18,37000
28,이순신,2023-03-03,165000
29,홍길동,2023-01-17,297000
30,홍길순,2023-12-08,164000
31,홍길순,2024-04-02,24000
32,홍길자,2023-11-15,381000
33,이유신,2023-09-04,120000
34,김구,2023-08-27,243000
35,김유신,2023-07-18,183000
36,홍길동,2023-07-22,143000
37,강감찬,2023-12-10,105000
38,강감순,2023-03-05,208000
39,강감순,2024-02-28,158000
40,홍길동,2023-03-28,391000
41,강감순,2023-01-10,6000
42,유관순,2023-05-31,90000
43,김유신,2023-07-18,34000
44,강감찬,2023-12-22,94000
45,강감찬,2023-02-05,146000
46,홍길동,2023-07-26,323000
47,김유신,2023-02-13,308000
48,홍길순,2024-04-03,383000
49,유관순,2023-04-29,142000
50,이순신,2023-12-04,312000
51,홍길자,2023-09-20,38000
52,김유신,2024-04-09,186000
53,홍길자,2024-01-21,101000
54,홍길자,2023-08-05,61000
55,이순신,2023-06-25,383000
56,홍길순,2023-01-19,78000
57,유관순,2023-08-04,204000
58,김유신,2024-02-09,252000
59,유관순,2023-12-03,302000
60,강감찬,2023-01-09,86000
61,김구,2023-02-14,68000
62,이유신,2024-04-01,72000
63,이순신,2024-02-16,111000
64,강감순,2023-04-03,60000
65,이순신,2023-10-22,337000
66,홍길자,2023-07-08,202000
67,홍길순,2023-06-27,271000
68,홍길순,2024-03-27,191000
69,이순신,2024-04-04,204000
70,홍길순,2023-12-01,72000
71,유관순,2023-09-30,349000
72,강감순,2023-02-18,92000
73,김구,2023-03-01,26000
74,김구,2024-03-07,88000
75,강감순,2023-03-11,74000
76,김유신,2024-04-07,112000
77,홍길순,2024-02-12,250000
78,홍길동,2023-11-07,23000
79,강감순,2024-01-29,199000
80,강감찬,2023-07-23,229000
81,홍길동,2023-08-07,186000
82,홍길순,2023-06-06,379000
83,강감찬,2023-07-04,213000
84,이유신,2023-03-11,123000
85,유관순,2023-02-02,184000
86,유관순,2024-03-24,306000
87,유관순,2024-02-11,157000
88,강감찬,2024-04-24,331000
89,홍길순,2023-07-05,135000
90,강감순,2024-02-08,205000
91,강감순,2024-03-22,322000
92,홍길동,2023-10-13,129000
93,홍길자,2023-03-30,60000
94,홍길자,2024-03-16,254000
95,홍길동,2023-02-01,376000
96,홍길순,2024-04-23,314000
97,강감순,2024-01-12,140000
98,강감찬,2023-07-25,34000
99,홍길자,2024-01-23,286000
100,김구,2023-03-22,364000
101,이순신,2023-02-07,345000
102,홍길동,2023-05-31,248000
103,홍길동,2023-06-11,158000
104,이유신,2023-12-27,283000
105,김유신,2023-05-02,219000
106,강감순,2023-08-22,317000
107,김유신,2024-01-07,93000
108,홍길동,2023-04-29,366000
109,김구,2023-11-03,314000
110,강감순,2023-01-25,84000
111,유관순,2023-10-25,194000
112,홍길동,2023-11-18,393000
113,홍길자,2023-10-12,249000
114,홍길자,2024-03-04,65000
115,이유신,2024-03-16,321000
116,홍길자,2023-03-09,196000
117,홍길동,2023-10-29,379000
118,이순신,2023-10-28,347000
119,유관순,2023-10-03,380000
120,강감찬,2023-03-02,272000
121,이순신,2023-09-15,159000
122,이순신,2024-03-31,235000
123,홍길자,2023-07-04,331000
124,강감찬,2023-08-24,328000
125,홍길동,2023-06-03,338000
126,김구,2023-09-24,48000
127,홍길순,2023-12-12,223000
128,강감순,2023-05-08,269000
129,홍길자,2023-09-06,332000
130,강감순,2023-08-12,155000
131,김유신,2024-04-09,37000
132,김유신,2023-04-03,178000
133,홍길자,2024-04-15,397000
134,이순신,2023-03-03,383000
135,이유신,2023-09-30,178000
136,김구,2023-12-02,243000
137,강감찬,2023-12-17,55000
138,강감찬,2023-10-27,50000
139,김유신,2023-11-29,275000
140,김유신,2023-08-28,327000
141,강감찬,2024-01-28,362000
142,김구,2023-10-16,135000
143,김구,2024-02-29,332000
144,강감찬,2023-02-04,271000
145,이순신,2023-10-29,393000
146,홍길자,2023-11-25,83000
147,김구,2023-02-16,14000
148,홍길자,2023-06-23,99000
149,홍길자,2024-03-11,312000
150,유관순,2023-08-18,116000
151,유관순,2023-04-09,362000
152,이순신,2023-08-09,220000
153,유관순,2023-10-18,340000
154,홍길순,2023-12-09,175000
155,홍길순,2023-01-03,159000
156,이순신,2023-01-07,393000
157,홍길순,2023-07-05,130000
158,홍길동,2023-07-18,252000
159,이순신,2023-10-22,256000
160,유관순,2023-10-12,40000
161,홍길동,2023-09-11,226000
162,김구,2023-03-05,306000
163,강감순,2024-02-10,207000
164,김구,2024-03-05,45000
165,강감찬,2024-02-08,199000
166,홍길순,2023-07-25,21000
167,강감순,2023-03-12,141000
168,이유신,2024-01-14,293000
169,이순신,2023-10-16,39000
170,홍길자,2024-04-01,289000
171,홍길순,2023-04-12,149000
172,유관순,2024-04-04,202000
173,강감찬,2023-10-07,20000
174,홍길동,2024-01-16,269000
175,홍길동,2023-04-02,71000
176,홍길자,2023-07-01,28000
177,김구,2023-12-30,399000
178,홍길자,2023-05-25,317000
179,이유신,2024-04-08,27000
180,홍길자,2023-11-13,269000
181,홍길동,2023-08-26,370000
182,김유신,2023-09-27,160000
183,강감찬,2023-06-25,246000
184,이순신,2023-05-04,124000
185,이유신,2024-04-16,186000
186,이유신,2023-09-14,191000
187,홍길자,2023-08-14,116000
188,홍길순,2023-03-28,305000
189,김구,2023-02-25,77000
190,홍길순,2024-03-28,114000
191,김유신,2023-03-25,378000
192,유관순,2023-02-18,327000
193,홍길자,2023-08-20,97000
194,홍길자,2023-06-24,110000
195,강감순,2024-04-09,9000
196,홍길순,2024-01-07,104000
197,김유신,2023-11-28,317000
198,홍길동,2023-09-25,234000
199,홍길자,2023-10-01,226000
200,김유신,2024-01-23,363000
201,김구,2023-09-27,326000
202,김유신,2024-03-12,111000
203,홍길동,2024-03-14,185000
204,홍길자,2024-04-01,86000
205,유관순,2023-05-16,277000
206,유관순,2024-03-20,56000
207,이유신,2023-06-14,270000
208,김구,2023-01-06,345000
209,이순신,2023-06-30,239000
210,김유신,2024-04-10,203000
211,홍길자,2023-03-06,266000
212,이유신,2023-05-12,218000
213,홍길동,2023-10-24,243000
214,이순신,2023-12-10,173000
215,강감순,2024-03-22,310000
216,김구,2023-12-14,111000
217,강감찬,2023-12-30,272000
218,김유신,2023-10-10,33000
219,강감찬,2023-11-07,2000
220,강감순,2023-02-20,348000
221,유관순,2023-01-05,206000
222,강감찬,2023-12-21,22000
223,홍길자,2023-01-18,240000
224,이순신,2023-10-12,247000
225,홍길동,2023-10-28,268000
226,강감찬,2024-04-08,40000
227,김유신,2023-10-30,125000
228,이순신,2023-01-01,100000
229,김구,2023-05-09,14000
230,김유신,2023-07-31,282000
231,이유신,2023-09-01,143000
232,유관순,2023-08-13,25000
233,김유신,2023-06-01,253000
234,유관순,2023-04-16,168000
235,강감순,2023-04-19,148000
236,김유신,2024-03-30,161000
237,강감순,2023-02-10,28000
238,이순신,2023-07-11,394000
239,강감찬,2024-01-18,358000
240,강감찬,2023-01-13,29000
241,홍길순,2023-07-16,351000
242,홍길자,2023-02-24,97000
243,유관순,2023-01-12,120000
244,강감순,2023-10-06,161000
245,홍길순,2023-05-30,149000
246,이순신,2023-11-06,319000
247,강감찬,2024-04-24,46000
248,홍길자,2023-07-30,122000
249,유관순,2023-09-05,317000
250,홍길동,2024-02-04,18000
251,홍길동,2024-04-11,298000
252,강감찬,2023-01-16,372000
253,이순신,2023-05-12,193000
254,김유신,2024-02-03,19000
255,강감순,2024-02-14,63000
256,김구,2023-08-01,160000
257,이순신,2023-01-18,286000
258,김유신,2023-07-01,125000
259,홍길동,2023-05-26,300000
260,홍길동,2023-10-29,91000
261,홍길동,2023-03-01,305000
262,김유신,2023-08-01,369000
263,이유신,2024-04-12,258000
264,강감순,2024-02-18,336000
265,홍길동,2024-02-10,274000
266,이유신,2023-04-07,335000
267,홍길순,2023-02-17,377000
268,홍길순,2023-03-28,154000
269,홍길동,2023-08-31,376000
270,김유신,2023-04-08,250000
271,유관순,2023-06-11,163000
272,김유신,2023-11-21,348000
273,유관순,2023-09-30,145000
274,홍길순,2023-07-15,227000
275,홍길순,2024-04-11,335000
276,이유신,2024-01-19,205000
277,이순신,2023-10-12,367000
278,홍길동,2023-05-01,247000
279,홍길동,2023-01-13,42000
280,홍길자,2023-02-02,239000
281,이유신,2023-07-27,112000
282,이순신,2023-01-07,367000
283,홍길동,2023-02-20,257000
284,홍길동,2023-07-14,182000
285,강감찬,2023-12-09,67000
286,이유신,2024-01-10,273000
287,김유신,2023-07-25,54000
288,홍길동,2024-01-11,295000
289,이유신,2023-09-12,199000
290,유관순,2024-04-16,14000
291,홍길순,2024-03-07,90000
292,강감찬,2023-01-08,160000
293,홍길자,2023-09-23,39000
294,홍길동,2023-11-22,142000
295,홍길동,2023-01-29,105000
296,홍길동,2023-11-20,366000
297,이유신,2024-04-22,318000
298,홍길동,2023-02-14,275000
299,이순신,2023-06-18,140000
300,강감순,2023-08-07,60000
301,강감찬,2023-01-17,167000
302,홍길동,2023-12-08,166000
303,홍길자,2024-01-12,243000
304,김구,2024-02-13,396000
305,강감찬,2023-10-20,6000
306,이순신,2024-02-02,281000
307,강감찬,2024-01-29,103000
308,홍길동,2024-04-18,143000
309,홍길순,2024-01-21,355000
310,김구,2023-11-13,7000
311,김구,2023-05-20,172000
312,유관순,2023-05-15,147000
313,홍길순,2023-07-24,9000
314,이유신,2023-02-21,181000
315,홍길동,2023-08-06,190000
316,이순신,2023-05-14,138000
317,김구,2024-03-02,163000
318,홍길순,2023-02-27,211000
319,강감순,2023-07-24,376000
320,이유신,2023-07-23,132000
321,홍길순,2024-03-02,274000
322,김구,2023-08-31,335000
323,강감찬,2023-09-27,111000
324,김구,2024-02-26,383000
325,강감순,2023-05-02,255000
326,강감순,2024-03-02,294000
327,이유신,2023-01-22,152000
328,홍길순,2023-10-21,370000
329,강감순,2023-02-23,95000
330,홍길자,2023-10-05,252000
331,홍길자,2023-08-03,267000
332,홍길동,2023-04-28,203000
333,유관순,2023-08-10,9000
334,강감찬,2023-08-02,8000
335,이유신,2023-05-26,383000
336,홍길동,2024-01-18,371000
337,홍길동,2023-09-16,145000
338,홍길자,2024-03-29,20000
339,김유신,2023-02-04,358000
340,이유신,2024-01-22,339000
341,이유신,2023-01-26,230000
342,강감찬,2023-01-08,380000
343,홍길동,2023-02-23,67000
344,이유신,2023-06-01,207000
345,이유신,2023-06-24,375000
346,강감순,2024-01-16,376000
347,유관순,2024-03-06,229000
348,유관순,2023-02-22,334000
349,김유신,2023-01-31,98000
350,김유신,2023-03-22,399000
351,홍길동,2024-03-17,83000
352,김구,2023-07-10,233000
353,김구,2023-10-09,387000
354,이유신,2023-08-22,400000
355,유관순,2023-07-16,135000
356,김구,2024-03-23,45000
357,김유신,2023-11-02,244000
358,유관순,2023-03-15,250000
359,김구,2023-06-29,341000
360,강감찬,2023-09-24,25000
361,이유신,2023-04-02,286000
362,이순신,2023-06-11,233000
363,이순신,2023-05-18,77000
364,김구,2023-09-29,17000
365,이순신,2023-03-07,4000
366,강감찬,2023-07-23,287000
367,유관순,2023-07-19,261000
368,김구,2024-01-21,142000
369,김유신,2023-05-06,343000
370,홍길순,2023-09-30,381000
371,이유신,2023-06-11,100000
372,강감순,2023-02-24,37000
373,강감순,2024-01-21,330000
374,유관순,2023-04-10,201000
375,강감찬,2023-02-20,119000
376,홍길자,2023-05-25,361000
377,유관순,2023-10-30,213000
378,김유신,2023-09-28,141000
379,홍길자,2024-01-17,53000
380,유관순,2023-10-08,132000
381,강감순,2024-04-10,150000
382,김유신,2023-04-28,233000
383,이순신,2023-03-15,318000
384,강감순,2023-12-15,170000
385,이유신,2023-05-01,344000
386,이순신,2023-08-05,365000
387,유관순,2023-12-30,190000
388,홍길자,2023-10-09,382000
389,유관순,2023-09-22,389000
390,김구,2023-05-04,203000
391,김유신,2023-10-04,202000
392,홍길동,2023-11-08,230000
393,강감순,2024-03-09,385000
394,강감순,2023-11-10,242000
395,이유신,2023-07-05,319000
396,김유신,2023-05-01,224000
397,강감순,2023-01-08,13000
398,홍길동,2023-10-21,309000
399,홍길자,2023-02-09,67000
400,이순신,2024-02-10,189000
401,김유신,2023-03-24,132000
402,김유신,2023-08-12,126000
403,김유신,2024-03-04,114000
404,이순신,2023-09-14,298000
405,홍길동,2023-12-21,267000
406,이순신,2023-01-30,74000
407,강감순,2024-01-23,71000
408,김구,2023-10-18,238000
409,김유신,2023-05-08,107000
410,강감순,2023-03-01,160000
411,홍길동,2023-04-26,140000
412,홍길순,2024-01-10,392000
413,홍길동,2023-04-13,305000
414,이순신,2023-01-09,163000
415,홍길동,2023-06-27,175000
416,김유신,2023-08-20,262000
417,김구,2023-07-23,303000
418,홍길자,2023-06-11,372000
419,강감찬,2024-01-15,368000
420,김구,2024-02-24,393000
421,김유신,2023-08-20,349000
422,홍길동,2024-01-26,125000
423,강감순,2023-06-20,99000
424,이순신,2023-12-04,333000
425,홍길순,2023-09-02,373000
426,이유신,2023-03-29,36000
427,김유신,2023-08-30,277000
428,김구,2023-08-11,303000
429,홍길순,2023-08-21,375000
430,유관순,2023-05-25,154000
431,홍길순,2023-03-09,257000
432,강감순,2023-04-18,176000
433,유관순,2023-03-26,381000
434,김구,2024-02-07,153000
435,강감순,2023-01-22,89000
436,강감순,2024-01-27,216000
437,이순신,2023-09-09,251000
438,이순신,2023-08-11,385000
439,홍길자,2024-01-17,185000
440,이유신,2023-09-11,122000
441,홍길자,2023-10-04,272000
442,강감찬,2024-02-20,365000
443,홍길순,2024-01-15,176000
444,홍길자,2023-08-01,110000
445,홍길자,2024-01-20,109000
446,유관순,2023-05-18,373000
447,이순신,2024-02-04,399000
448,강감찬,2023-09-09,213000
449,홍길순,2023-07-18,119000
450,이순신,2023-06-20,33000
451,강감순,2024-04-28,59000
452,이유신,2023-07-31,303000
453,이순신,2023-12-21,239000
454,김유신,2023-02-23,61000
455,홍길자,2024-02-14,279000
456,홍길순,2023-10-01,236000
457,홍길자,2023-12-20,53000
458,홍길순,2023-07-12,248000
459,홍길순,2024-01-30,93000
460,김구,2024-03-08,374000
461,김유신,2023-06-21,293000
462,홍길동,2023-07-02,285000
463,홍길순,2024-03-01,320000
464,홍길순,2023-05-24,66000
465,홍길동,2024-03-11,232000
466,이순신,2023-02-22,226000
467,강감순,2023-08-22,194000
468,이순신,2024-02-01,276000
469,이유신,2024-03-24,379000
470,이유신,2023-07-24,259000
471,김유신,2023-03-19,283000
472,홍길자,2023-03-11,173000
473,홍길자,2024-02-15,59000
474,김유신,2023-07-22,64000
475,강감찬,2023-09-13,122000
476,유관순,2023-04-16,361000
477,강감찬,2023-06-13,222000
478,강감순,2024-03-30,43000
479,홍길자,2023-05-16,105000
480,유관순,2024-04-08,96000
481,강감순,2023-03-05,75000
482,김구,2023-10-30,86000
483,이유신,2024-04-02,244000
484,김구,2024-01-14,99000
485,유관순,2024-02-23,49000
486,이순신,2023-04-09,54000
487,김유신,2023-06-19,295000
488,강감찬,2023-05-01,214000
489,이유신,2023-10-05,99000
490,이유신,2023-08-02,102000
491,유관순,2024-02-04,144000
492,홍길순,2024-04-26,139000
493,유관순,2023-04-22,80000
494,홍길순,2024-01-09,273000
495,이순신,2023-01-08,71000
496,김구,2024-04-13,148000
497,김구,2023-11-25,108000
498,김유신,2024-02-28,178000
499,강감찬,2023-01-16,5000
500,김유신,2024-04-09,16000
501,김구,2023-11-10,84000
502,김유신,2023-06-13,205000
503,홍길자,2024-01-17,215000
504,강감찬,2024-04-28,295000
505,이순신,2023-02-22,354000
506,강감찬,2024-04-17,301000
507,강감찬,2024-03-06,21000
508,강감찬,2024-03-06,277000
509,강감찬,2023-10-21,248000
510,홍길순,2023-09-22,270000
511,이순신,2023-07-17,193000
512,이유신,2024-03-12,182000
513,홍길자,2023-08-02,215000
514,이유신,2023-05-27,186000
515,이순신,2024-04-25,278000
516,홍길자,2023-04-08,267000
517,유관순,2023-09-03,168000
518,홍길자,2023-12-21,276000
519,강감찬,2024-04-19,333000
520,홍길동,2023-09-11,59000
521,유관순,2023-01-05,9000
522,이유신,2024-03-05,387000
523,홍길자,2024-03-12,333000
524,홍길동,2023-05-30,356000
525,유관순,2024-04-25,30000
526,강감찬,2024-01-23,133000
527,홍길동,2023-07-03,6000
528,김유신,2023-08-11,109000
529,홍길동,2023-09-04,62000
530,강감찬,2023-12-14,177000
531,강감찬,2023-08-13,47000
532,강감찬,2024-02-19,330000
533,홍길자,2023-02-24,73000
534,이유신,2023-03-25,138000
535,홍길자,2024-01-08,134000
536,유관순,2023-11-24,24000
537,강감순,2023-07-20,318000
538,강감순,2023-02-25,351000
539,이순신,2023-07-25,202000
540,홍길순,2023-01-26,240000
541,홍길자,2023-10-18,253000
542,홍길순,2023-10-19,176000
543,김구,2023-08-28,88000
544,강감찬,2023-09-30,2000
545,홍길동,2023-12-20,299000
546,홍길자,2024-04-22,321000
547,이순신,2023-01-30,132000
548,김유신,2023-07-01,141000
549,유관순,2023-03-28,60000
550,홍길자,2023-10-13,97000
551,홍길자,2023-01-06,200000
552,김유신,2024-03-31,335000
553,홍길자,2023-11-11,177000
554,강감찬,2023-06-08,209000
555,홍길순,2024-02-22,198000
556,홍길동,2023-01-10,145000
557,홍길동,2023-06-29,366000
558,홍길동,2024-03-20,74000
559,김구,2023-11-11,32000
560,유관순,2023-07-11,41000
561,홍길자,2023-06-03,139000
562,강감찬,2023-10-27,285000
563,김유신,2023-06-30,74000
564,이순신,2023-11-21,357000
565,유관순,2023-05-31,387000
566,유관순,2023-09-28,259000
567,홍길순,2023-04-16,81000
568,강감찬,2023-01-10,180000
569,김구,2024-01-01,151000
570,홍길자,2024-02-08,219000
571,강감순,2024-01-09,211000
572,이유신,2023-06-15,38000
573,홍길순,2023-10-16,84000
574,이유신,2024-03-15,351000
575,홍길자,2023-12-12,42000
576,이순신,2024-02-14,225000
577,김유신,2024-02-15,205000
578,이유신,2023-12-02,18000
579,이순신,2024-02-25,222000
580,홍길동,2023-09-09,86000
581,이유신,2023-10-30,185000
582,강감순,2023-09-15,284000
583,강감찬,2023-05-23,32000
584,홍길자,2023-02-22,287000
585,강감찬,2023-07-13,106000
586,김구,2024-03-01,204000
587,김구,2023-05-01,190000
588,홍길동,2023-10-09,266000
589,홍길자,2023-07-21,364000
590,이순신,2024-04-14,228000
591,유관순,2023-03-15,183000
592,이유신,2024-02-15,396000
593,강감찬,2023-02-05,224000
594,강감찬,2023-10-25,269000
595,홍길동,2023-04-05,246000
596,김유신,2023-12-20,230000
597,강감찬,2024-02-10,350000
598,이유신,2023-03-01,137000
599,이유신,2024-04-29,56000
600,이유신,2023-10-01,202000
601,강감순,2023-03-08,341000
602,홍길순,2023-12-30,311000
603,유관순,2023-11-28,116000
604,홍길순,2023-05-20,204000
605,이순신,2023-04-29,93000
606,이유신,2023-10-04,375000
607,이순신,2023-03-07,245000
608,이순신,2023-12-15,265000
609,이유신,2023-08-14,251000
610,이유신,2023-11-13,147000
611,강감순,2023-04-04,126000
612,홍길동,2023-03-23,179000
613,강감순,2024-02-27,215000
614,이순신,2023-04-04,317000
615,홍길순,2023-06-07,360000
616,이순신,2024-02-03,172000
617,김구,2023-06-27,299000
618,홍길자,2023-08-22,184000
619,홍길자,2023-12-14,108000
620,홍길자,2023-05-30,252000
621,강감찬,2023-07-15,102000
622,강감순,2023-06-08,101000
623,김유신,2023-06-21,56000
624,김유신,2023-07-23,32000
625,홍길동,2023-02-18,101000
626,홍길동,2023-05-12,127000
627,홍길동,2024-01-31,392000
628,김구,2023-04-21,213000
629,홍길동,2023-12-15,357000
630,이유신,2023-03-17,139000
631,강감순,2023-09-20,118000
632,김구,2023-01-15,267000
633,김유신,2023-06-06,199000
634,김유신,2023-02-24,262000
635,김유신,2024-04-16,195000
636,유관순,2023-07-23,387000
637,김유신,2023-08-02,85000
638,홍길순,2023-12-01,256000
639,홍길순,2024-02-11,235000
640,홍길순,2024-02-01,224000
641,홍길동,2023-08-13,170000
642,홍길자,2024-04-19,311000
643,강감순,2023-12-12,127000
644,홍길순,2023-04-11,99000
645,강감찬,2024-02-17,173000
646,이유신,2023-05-22,78000
647,강감찬,2024-04-10,349000
648,이순신,2023-04-25,150000
649,홍길자,2023-07-18,188000
650,김유신,2023-06-28,258000
651,이순신,2024-01-16,148000
652,강감찬,2023-05-22,332000
653,홍길순,2023-03-12,172000
654,홍길자,2024-02-16,321000
655,강감찬,2024-04-24,256000
656,홍길자,2023-03-30,114000
657,강감찬,2024-03-03,59000
658,김구,2023-05-05,394000
659,이유신,2024-01-06,274000
660,홍길동,2023-06-14,235000
661,강감순,2024-03-20,215000
662,이유신,2023-05-20,23000
663,김유신,2023-01-27,299000
664,김유신,2023-10-31,187000
665,김유신,2023-10-14,255000
666,홍길동,2023-01-15,332000
667,강감찬,2023-01-04,308000
668,홍길순,2023-01-27,308000
669,유관순,2023-02-24,12000
670,이순신,2023-05-31,314000
671,김구,2023-04-18,135000
672,김유신,2024-02-12,193000
673,김유신,2024-02-13,263000
674,홍길자,2023-06-09,244000
675,김유신,2023-07-02,47000
676,이유신,2023-07-19,170000
677,홍길순,2023-04-25,142000
678,강감찬,2023-04-23,48000
679,유관순,2023-04-10,102000
680,홍길동,2023-07-23,160000
681,홍길동,2023-04-23,328000
682,강감찬,2023-12-17,219000
683,홍길순,2023-06-02,212000
684,강감순,2024-03-19,387000
685,유관순,2024-01-08,28000
686,강감찬,2023-06-20,76000
687,강감찬,2023-12-15,186000
688,유관순,2024-01-20,179000
689,이유신,2023-11-02,368000
690,김유신,2023-03-27,152000
691,홍길순,2024-01-31,179000
692,이순신,2023-08-31,16000
693,홍길순,2023-10-31,397000
694,이유신,2024-01-06,50000
695,김구,2023-10-03,156000
696,김유신,2023-05-07,300000
697,김유신,2024-01-23,177000
698,강감찬,2023-07-06,373000
699,김유신,2023-05-01,208000
700,강감순,2024-01-16,246000
701,홍길동,2023-03-07,15000
702,유관순,2024-03-02,2000
703,홍길순,2023-09-18,251000
704,강감순,2023-05-05,160000
705,이유신,2023-06-30,345000
706,김구,2023-09-28,35000
707,홍길자,2023-03-14,382000
708,홍길자,2023-04-28,154000
709,김유신,2023-07-22,77000
710,강감찬,2023-04-14,180000
711,강감찬,2024-01-29,131000
712,강감찬,2023-02-20,271000
713,이유신,2023-01-06,256000
714,유관순,2023-07-31,164000
715,이유신,2023-05-23,105000
716,김구,2023-11-22,79000
717,홍길동,2023-03-15,141000
718,강감순,2023-11-17,391000
719,홍길동,2023-11-06,279000
720,홍길동,2023-08-24,186000
721,김구,2023-06-10,147000
722,이순신,2023-07-03,262000
723,강감찬,2023-01-21,175000
724,홍길동,2024-01-09,21000
725,유관순,2023-08-16,58000
726,이순신,2023-09-12,64000
727,홍길순,2024-04-13,215000
728,홍길자,2023-07-12,75000
729,이유신,2024-04-23,254000
730,이유신,2024-01-27,100000
731,홍길순,2023-04-28,221000
732,홍길자,2023-08-12,299000
733,홍길동,2023-10-20,196000
734,김유신,2023-04-24,146000
735,김구,2023-03-27,178000
736,이유신,2023-11-15,218000
737,홍길자,2023-05-17,62000
738,김유신,2023-05-28,142000
739,홍길자,2023-08-04,90000
740,강감찬,2023-11-12,114000
741,강감순,2023-02-01,288000
742,강감순,2023-10-31,367000
743,김유신,2023-06-23,325000
744,강감순,2023-03-21,390000
745,홍길동,2023-02-21,274000
746,김유신,2023-06-17,33000
747,강감순,2024-04-21,304000
748,강감순,2023-08-01,179000
749,홍길자,2023-09-19,303000
750,김구,2024-02-12,149000
751,강감찬,2023-03-10,148000
752,홍길자,2023-04-18,258000
753,유관순,2023-01-30,162000
754,강감순,2023-09-18,245000
755,홍길동,2023-04-27,364000
756,이유신,2024-03-24,45000
757,이순신,2023-09-23,223000
758,유관순,2024-03-16,206000
759,이유신,2023-12-04,181000
760,강감찬,2023-06-17,100000
761,강감찬,2023-04-02,351000
762,홍길자,2024-04-17,50000
763,강감찬,2023-06-18,55000
764,유관순,2024-03-18,195000
765,홍길동,2023-10-09,202000
766,홍길순,2024-02-16,274000
767,홍길순,2023-03-22,162000
768,강감순,2023-04-22,378000
769,홍길순,2023-04-22,103000
770,이순신,2023-05-04,241000
771,강감순,2023-07-26,308000
772,홍길자,2023-11-20,313000
773,유관순,2023-10-02,76000
774,홍길순,2023-06-26,388000
775,홍길동,2023-02-15,378000
776,이유신,2024-04-15,281000
777,홍길동,2023-12-18,66000
778,홍길순,2023-01-28,175000
779,강감순,2023-03-11,343000
780,홍길순,2024-02-14,363000
781,홍길자,2023-10-05,378000
782,강감순,2024-03-17,87000
783,홍길자,2023-10-08,257000
784,이유신,2023-03-23,3000
785,유관순,2023-02-07,55000
786,유관순,2024-02-18,77000
787,강감순,2024-02-17,65000
788,김유신,2023-11-17,145000
789,이유신,2024-03-11,112000
790,홍길자,2023-05-29,74000
791,이유신,2023-02-23,80000
792,유관순,2023-05-29,238000
793,홍길자,2023-01-07,299000
794,유관순,2023-11-07,209000
795,홍길동,2023-06-24,45000
796,김구,2023-08-12,252000
797,홍길자,2023-03-15,255000
798,강감순,2023-10-21,375000
799,이유신,2024-02-05,225000
800,홍길동,2023-09-16,385000
801,유관순,2023-11-29,336000
802,홍길순,2023-07-05,224000
803,유관순,2023-07-12,61000
804,이유신,2023-08-21,108000
805,김유신,2023-09-25,274000
806,이유신,2023-01-11,34000
807,김유신,2023-10-16,333000
808,김유신,2023-09-05,255000
809,홍길자,2023-03-09,237000
810,홍길동,2023-04-03,103000
811,홍길순,2023-05-26,392000
812,홍길순,2023-09-23,236000
813,김유신,2023-01-11,108000
814,김구,2024-04-19,34000
815,홍길자,2023-11-17,257000
816,유관순,2023-09-09,213000
817,홍길순,2023-06-27,51000
818,강감순,2023-06-28,153000
819,김구,2024-01-15,127000
820,김유신,2023-01-04,35000
821,강감순,2024-04-06,133000
822,김구,2023-12-05,182000
823,홍길자,2023-02-20,394000
824,유관순,2023-10-29,46000
825,이순신,2024-02-08,270000
826,유관순,2023-01-10,241000
827,김유신,2023-08-21,187000
828,김구,2024-04-22,179000
829,이순신,2024-04-02,244000
830,홍길순,2023-10-21,129000
831,홍길순,2023-12-28,321000
832,이유신,2023-02-24,384000
833,홍길자,2023-07-30,231000
834,홍길자,2023-05-24,88000
835,김구,2023-01-30,146000
836,홍길동,2023-02-05,228000
837,김구,2023-10-07,39000
838,이유신,2023-12-10,22000
839,홍길순,2023-11-13,196000
840,강감찬,2023-08-08,106000
841,김유신,2024-01-07,327000
842,유관순,2023-04-02,84000
843,홍길순,2023-01-31,358000
844,김구,2023-11-03,66000
845,강감순,2023-06-14,175000
846,홍길자,2023-07-30,190000
847,홍길동,2024-04-17,52000
848,강감순,2023-05-05,311000
849,유관순,2023-08-15,217000
850,김유신,2024-03-29,157000
851,김구,2023-04-19,203000
852,김유신,2023-09-11,350000
853,강감찬,2024-04-25,258000
854,홍길자,2023-08-12,82000
855,이순신,2023-03-06,46000
856,김유신,2023-02-28,391000
857,이유신,2023-11-26,377000
858,홍길동,2023-09-12,336000
859,유관순,2023-04-06,400000
860,이순신,2023-01-07,1000
861,강감순,2023-02-18,61000
862,유관순,2023-02-22,109000
863,유관순,2023-05-28,124000
864,홍길동,2023-10-20,305000
865,김유신,2024-04-05,152000
866,홍길동,2024-04-17,211000
867,홍길동,2023-03-07,350000
868,김유신,2023-12-26,96000
869,홍길자,2023-05-01,79000
870,강감찬,2024-03-12,34000
871,김구,2023-12-13,111000
872,이유신,2023-10-09,94000
873,김유신,2023-10-17,89000
874,강감찬,2023-11-06,265000
875,강감순,2023-06-24,306000
876,홍길순,2023-02-21,334000
877,이유신,2024-02-29,308000
878,이순신,2023-09-23,321000
879,강감순,2024-01-23,247000
880,홍길자,2023-10-01,310000
881,유관순,2023-06-11,96000
882,이유신,2024-01-02,17000
883,김유신,2023-07-02,44000
884,홍길자,2023-10-25,39000
885,유관순,2024-04-11,186000
886,홍길동,2023-10-10,275000
887,강감찬,2023-03-14,25000
888,홍길자,2023-01-02,352000
889,강감찬,2024-03-18,156000
890,홍길동,2023-05-09,379000
891,강감순,2024-02-27,46000
892,홍길동,2023-03-14,32000
893,이유신,2024-02-04,359000
894,강감순,2023-02-19,365000
895,강감찬,2023-03-01,316000
896,홍길자,2023-07-14,133000
897,김유신,2024-04-29,162000
898,홍길순,2023-02-14,140000
899,홍길자,2024-04-18,109000
900,강감찬,2023-04-29,166000
901,김구,2023-03-14,343000
902,김유신,2023-05-22,142000
903,이유신,2023-12-14,255000
904,이유신,2023-02-28,340000
905,김구,2023-08-01,323000
906,이순신,2023-01-10,233000
907,이유신,2023-11-22,186000
908,홍길동,2023-12-02,106000
909,홍길동,2023-12-21,227000
910,김유신,2023-12-06,127000
911,강감찬,2024-02-15,93000
912,홍길순,2023-11-02,80000
913,홍길순,2024-01-23,155000
914,이유신,2023-04-03,148000
915,홍길순,2023-02-11,400000
916,김구,2023-04-04,197000
917,홍길자,2023-05-12,359000
918,유관순,2023-11-26,126000
919,강감순,2024-01-22,332000
920,이순신,2023-08-13,310000
921,이순신,2023-06-18,210000
922,홍길동,2024-01-08,310000
923,김구,2023-05-25,121000
924,이유신,2023-06-07,101000
925,강감순,2023-12-17,36000
926,강감순,2023-06-12,260000
927,김유신,2024-01-11,146000
928,이순신,2023-11-24,339000
929,강감순,2024-01-16,125000
930,유관순,2023-02-11,53000
931,김유신,2023-09-23,107000
932,이유신,2023-03-13,24000
933,홍길동,2023-01-23,278000
934,홍길순,2023-08-19,377000
935,유관순,2023-08-30,351000
936,홍길동,2024-03-23,190000
937,유관순,2024-03-02,219000
938,이유신,2023-08-07,190000
939,홍길동,2024-03-27,99000
940,강감찬,2024-03-03,383000
941,김유신,2023-09-03,5000
942,홍길순,2024-01-27,291000
943,강감순,2023-03-23,312000
944,홍길동,2023-05-13,326000
945,김유신,2023-09-02,300000
946,이순신,2024-04-18,86000
947,홍길순,2024-03-17,169000
948,홍길순,2023-12-10,99000
949,이유신,2023-08-04,315000
950,김유신,2023-12-31,297000
951,홍길자,2023-12-04,194000
952,강감찬,2023-10-20,99000
953,홍길동,2023-06-07,310000
954,홍길순,2024-03-09,135000
955,홍길순,2023-01-30,292000
956,홍길자,2023-05-19,339000
957,유관순,2024-03-08,168000
958,김구,2023-12-30,135000
959,강감찬,2024-02-26,248000
960,홍길동,2023-01-28,208000
961,강감찬,2023-02-01,112000
962,이유신,2023-10-11,133000
963,홍길자,2023-01-22,295000
964,김구,2023-01-12,347000
965,김유신,2023-06-29,162000
966,강감찬,2024-01-12,392000
967,강감찬,2023-06-11,206000
968,김유신,2023-10-29,26000
969,유관순,2023-01-13,152000
970,유관순,2023-05-04,303000
971,이순신,2024-03-10,260000
972,이유신,2023-09-09,27000
973,강감순,2024-02-03,146000
974,김유신,2023-06-21,359000
975,강감찬,2023-11-02,367000
976,이순신,2023-12-03,321000
977,이유신,2023-08-10,242000
978,이순신,2023-08-06,320000
979,홍길동,2024-04-11,80000
980,홍길자,2024-02-04,198000
981,김구,2023-08-20,195000
982,강감순,2024-02-21,318000
983,강감찬,2023-06-07,391000
984,강감순,2024-01-03,148000
985,유관순,2023-07-07,199000
986,이순신,2023-01-26,106000
987,홍길순,2023-03-09,58000
988,김유신,2023-02-25,325000
989,홍길동,2023-09-12,74000
990,강감순,2023-10-08,361000
991,홍길자,2024-01-13,143000
992,홍길자,2023-04-14,199000
993,김유신,2024-04-13,296000
994,유관순,2024-04-13,376000
995,김유신,2024-04-29,388000
996,홍길동,2024-01-06,44000
997,이유신,2023-11-01,379000
998,김유신,2023-09-10,325000
999,이순신,2023-08-28,207000
1000,이유신,2023-11-12,240000
